TF	Target	SignedQuantile	combStability	combPCorr	stroke	stroke-width	stroke-dasharray
Hic1	March9	0.73354	50.23	0.232	rgb(220,173,173)	1.9864	None
Klf4	March9	0.0091112	44.09	0.093	rgb(218,199,199)	1.8634	None
Klf5	March9	0.2787	47.05	0.046	rgb(218,208,208)	1.9227	None
Klf7	March9	0.12005	45.17	0.168	rgb(219,185,185)	1.885	None
Sp9	March9	0.69659	50.2	0.398	rgb(221,141,142)	1.9858	None
Thra	March9	0.87479	50.38	0.383	rgb(221,144,145)	1.9894	2,2
Zbtb7a	March9	0.76948	50.28	0.283	rgb(220,163,164)	1.9874	None
Zbtb7b	March9	0.5414	49.19	0.194	rgb(219,180,180)	1.9655	None
